{"mp-3": {"atomic_number": [55, 55, 55, 55], "x": [4.106898082990751e-16, 0.0, 2.5538463025917655, 2.553846302591766], "y": [2.5538463025917655, 0.0, 0.0, 2.5538463025917655], "z": [14.394100177783198, 9.596066785188798, 4.798033392594399, 3.1275596999833083e-16], "total_magnetization": 1.6e-06, "band_gap": 0.0}, "mp-8": {"atomic_number": [75, 75], "x": [1.3826681892682977, 1.3826681892682977], "y": [0.798283851273984, -0.7982838512739842], "z": [1.1183941575, 3.3551824725], "total_magnetization": 4.4e-06, "band_gap": 0.0}, "mp-1": {"atomic_number": [55, 55], "x": [0.0, 3.1284650614394], "y": [0.0, 3.1284650614393996], "z": [0.0, 3.1284650614394], "total_magnetization": 2.52e-05, "band_gap": 0.0}, "mp-4": {"atomic_number": [60, 60], "x": [0.0, 2.075470028667438], "y": [0.0, 2.0754700286674375], "z": [0.0, 2.075470028667438], "total_magnetization": 0.6119085, "band_gap": 0.0}, "mp-2": {"atomic_number": [46, 46, 46, 46], "x": [0.0, 3.149750694173353e-16, 1.9586507874923031, 1.9586507874923034], "y": [0.0, 1.9586507874923031, 0.0, 1.9586507874923031], "z": [0.0, 1.9586507874923034, 1.9586507874923034, 2.3986554175498917e-16], "total_magnetization": 0.3851734, "band_gap": 0.0}, "mp-7": {"atomic_number": [16, 16, 16, 16, 16, 16, 16, 16, 16, 16, 16, 16, 16, 16, 16, 16, 16, 16], "x": [7.244038679903811, 4.168624795519555, 4.858963881465272, 9.027588676984827, 6.679126775739537, 5.98878768979382, 7.244038679903811, 9.5925005811491, 4.858963881465272, 3.603712891355281, 1.2552509901099906, 5.98878768979382, 1.8201628942742654, 4.168624795519555, 4.858963881465272, 3.6037128913552796, 6.679126775739537, 5.988787689793818], "y": [-2.732908687781431, 4.508499721800194, 7.61883740063417, -0.398567457102879, 1.7544525679684284, -1.3558851108655476, 3.530043601987191, 1.3770235769158825, -4.907067178903075, -3.5300436019871917, -1.3770235769158836, 4.907067178903073, 0.3985674571028792, -1.754452567968427, 1.3558851108655485, 2.7329086877814315, -4.508499721800195, -7.61883740063417], "z": [1.9417383455483186, 3.441112867334988, 0.44236382376164957, 4.055759741598358, 2.556385219811689, 1.0570106980250196, 3.441112867334988, 0.44236382376164957, 1.9417383455483186, 1.0570106980250193, 4.055759741598358, 2.5563852198116885, 0.44236382376164957, 1.9417383455483184, 3.441112867334988, 2.556385219811688, 1.0570106980250202, 4.055759741598358], "total_magnetization": 0.0, "band_gap": 2.2079}, "mp-9": {"atomic_number": [39, 39, 39, 39], "x": [0.0, 4.1039146272129124e-16, 2.5519910611532857, 2.551991061153286], "y": [0.0, 2.5519910611532857, 0.0, 2.5519910611532857], "z": [0.0, 2.5519910611532857, 2.5519910611532857, 3.1252876844940287e-16], "total_magnetization": 0.0001074, "band_gap": 0.0}}